wkt_geom,ETAB_CODE,ETAB_NOM,ETAB_NOM_A,RSS_CODE,RSS_NOM,ADRESSE,CASE_POST,CODE_POSTA,MUN_CODE,MUN_NOM,CLSC_CODE,CLSC_NOM,MRC_CODE,MRC_NOM,RLS_CODE,RLS_NOM,RUIS_CODE,RUIS_NOM,STATUT_COD,MD_CONS_CO,MD_FINAN_C,DESIGN_MIN,INSTANCE,DATE_INCOR,LONGITUDE,LATITUDE,CHPSY,CHSGS,CHSLD,CLSC,CPEJ,CRDITED,CRDPA,CRDPM,CRDPV,CRDPL,CRJDA,CRMDA,CRD,DATE_MAJ
Point (528126.47281310707330704 189959.16657929867506027),11042280,Centre Le Cardinal Inc.,CENTRE LE CARDINAL INC.,6,Montréal,"12900, RUE NOTRE-DAME EST",,H1A1R9,66023,Montréal,6523,Pointe-aux-Trembles,660,Montréal,652,RLS de Rivière-des-Prairies - Anjou - Montréal-Est,2,RUIS Université de Montréal,2,1,2,,N,2010-02-24,-73.488336,45.652451,Non,Non,Oui,Non,Non,Non,Non,Non,Non,Non,Non,Non,Non,2020-04-27
Point (520814.89673036336898804 174687.45912650972604752),11042603,Groupe Roy santé Inc.,GROUPE ROY SANTÉ INC.,6,Montréal,"3550, RUE SAINT-URBAIN",,H2X4C5,66023,Montréal,6225,Métro,660,Montréal,622,RLS de Côte-des-Neiges - Métro - Parc-Extension,3,RUIS Université McGill,2,1,2,,N,2010-02-24,-73.57294,45.512216,Non,Non,Oui,Non,Non,Non,Non,Non,Non,Non,Non,Non,Non,2020-04-27
Point (487238.35201092064380646 666230.0008973591029644),11042686,Centre régional de santé et de services sociaux de la Baie-James,CRSSS DE LA BAIE-JAMES,10,Nord-du-Québec,"312, 3E RUE",,G8P1N5,99025,Chibougamau,10014,Chibougamau-Chapais,991,Jamésie,,,1,RUIS Université Laval,1,2,1,,N,2007-04-02,-74.357075,49.913395,Non,Oui,Oui,Oui,Oui,Oui,Non,Non,Non,Non,Non,Non,Oui,2020-04-27
Point (522134.78264172375202179 174473.12585914134979248),11042918,Centre hospitalier de l'Université de Montréal,CHUM,6,Montréal,"850, RUE SAINT-DENIS",,H2X0A9,66023,Montréal,6324,Montréal - Centre-Ville,660,Montréal,632,RLS des Faubourgs - Plateau-Mont-Royal - St-Louis-du-Parc,2,RUIS Université de Montréal,1,2,1,1,N,,-73.555946,45.510839,Non,Oui,Non,Non,Non,Non,Non,Non,Non,Non,Non,Non,Non,2020-04-27
Point (568871.8716648742556572 186145.61690657585859299),11043163,CHSLD Résidence Bourg-Joli Inc.,CHSLD RÉSIDENCE BOURG-JOLI INC.,16,Montérégie,"2915, BOULEVARD LAFRAMBOISE",,J2S4Z3,54048,Saint-Hyacinthe,16222,Les Maskoutains,540,Les Maskoutains,1622,RLS de Richelieu-Yamaska,4,RUIS Université de Sherbrooke,2,1,4,,N,2010-02-24,-72.964223,45.633513,Non,Non,Oui,Non,Non,Non,Non,Non,Non,Non,Non,Non,Non,2020-04-27
Point (517140.72680700570344925 440824.51781314983963966),11043437,Conseil de la nation atikamekw,CONSEIL DE LA NATION ATIKAMEKW,4,Mauricie et Centre-du-Québec,WEMOTACI,,G0X3R0,90802,Wemotaci,,,900,La Tuque,,,,,2,0,4,,N,2010-02-23,-73.787095,47.902653,Non,Non,Non,Non,Non,Non,Non,Non,Non,Non,Oui,Non,Non,2020-04-27
Point (90116.69624771177768707 444692.69312961399555206),11043536,Le CHSLD des Premières Nations du Timiskaming,LE CHSLD DES PREMIÈRES NATIONS DU TIMISKAMING,8,Abitibi-Témiscamingue,"20, AVENUE ALGONQUIN",,J0Z3B0,85090,Notre-Dame-du-Nord,,,850,Témiscamingue,,,,,2,4,4,,N,2010-02-24,-79.470471,47.607068,Non,Non,Oui,Non,Non,Non,Non,Non,Non,Non,Non,Non,Non,2020-04-27
Point (514951.29269204288721085 197282.05998172238469124),11043791,CHSLD de la Côte Boisée Inc.,CHSLD DE LA CÔTE BOISÉE INC.,14,Lanaudière,"4300, RUE D'ANGORA",,J6X4P1,64008,Terrebonne,14121,Les Moulins,640,Les Moulins,1412,RLS de Lanaudière-Sud,2,RUIS Université de Montréal,2,1,2,,N,2010-02-24,-73.661595,45.712758,Non,Non,Oui,Non,Non,Non,Non,Non,Non,Non,Non,Non,Non,2020-04-27
Point (514078.43349020928144455 234496.52165826410055161),11043841,9083-9531 Québec Inc.,9083-9531 QUÉBEC INC.,14,Lanaudière,"3462, 3E AVENUE",,J0K1S0,62037,Rawdon,14111,Matawinie,620,Matawinie,1411,RLS de Lanaudière-Nord,2,RUIS Université de Montréal,2,1,4,,N,2010-02-24,-73.695692,46.046793,Non,Non,Oui,Non,Non,Non,Non,Non,Non,Non,Non,Non,Non,2020-04-27
Point (1009157.36380073428153992 1213856.593202855437994),11043866,CLSC Naskapi,CLSC NASKAPI,9,Côte-Nord,CASE POSTALE 5154,,G0G2Z0,97806,Kawawachikamach,9171,Territoire Naskapi,972,Caniapiscau,917,RLS de Kawawachikamach,1,RUIS Université Laval,1,2,1,,O,2002-10-15,-66.764255,54.861247,Non,Non,Non,Oui,Non,Non,Non,Non,Non,Non,Non,Non,Non,2020-04-27
Point (517829.99222804605960846 187942.77503963559865952),11043890,Centre d'hébergement de la Marée Inc.,CENTRE D'HÉBERGEMENT DE LA MARÉE INC.,6,Montréal,"7015, BOULEVARD GOUIN EST",,H1E5N2,66023,Montréal,6521,Rivière-des-Prairies,660,Montréal,652,RLS de Rivière-des-Prairies - Anjou - Montréal-Est,2,RUIS Université de Montréal,2,1,4,,N,2010-02-24,-73.619043,45.630064,Non,Non,Oui,Non,Non,Non,Non,Non,Non,Non,Non,Non,Non,2020-04-27
Point (498766.80408051609992981 181313.53872227668762207),11043981,Prodimax Inc.,PRODIMAX INC.,13,Laval,"1050, 15E AVENUE",,H7R4N9,65005,Laval,13111,Sainte-Rose-de-Laval,650,Laval,1311,RLS de Laval,2,RUIS Université de Montréal,2,1,8,,N,2010-02-24,-73.858894,45.56219,Non,Non,Oui,Non,Non,Non,Non,Non,Non,Non,Non,Non,Non,2020-04-27
Point (498964.93233721703290939 179199.65257158875465393),11043999,Santé Courville Inc.,SANTÉ COURVILLE INC.,13,Laval,"5200, 80E RUE",,H7R5T6,65005,Laval,13111,Sainte-Rose-de-Laval,650,Laval,1311,RLS de Laval,2,RUIS Université de Montréal,2,1,6,,N,2010-02-24,-73.855007,45.543289,Non,Non,Oui,Non,Non,Non,Non,Non,Non,Non,Non,Non,Non,2020-04-27
Point (1412608.73847751319408417 407647.49273469299077988),11044088,Centre intégré de santé et de services sociaux des Îles,CISSS DES ÎLES,11,Gaspésie–Îles-de-la-Madeleine,"430, CHEMIN PRINCIPAL (CAP-AUX-MEULES)",,G4T1R9,1023,Les Îles-de-la-Madeleine,11211,Îles-de-la-Madeleine,10,Communauté maritime des Îles-de-la-Madeleine,1121,RLS des Îles-de-la-Madeleine,1,RUIS Université Laval,1,2,1,,O,2007-04-11,-61.868773,47.375575,Non,Oui,Oui,Oui,Non,Oui,Non,Non,Non,Non,Non,Non,Non,2020-04-27
Point (507435.04606350511312485 188072.22401601821184158),11044633,Centre d'hébergement de la Villa-les-Tilleuls Inc.,CENTRE D'HÉBERGEMENT DE LA VILLA-LES-TILLEULS INC.,13,Laval,"5590, BOULEVARD DES LAURENTIDES",,H7K2K2,65005,Laval,13111,Sainte-Rose-de-Laval,650,Laval,1311,RLS de Laval,2,RUIS Université de Montréal,2,1,8,,N,2010-02-24,-73.75224,45.626758,Non,Non,Oui,Non,Non,Non,Non,Non,Non,Non,Non,Non,Non,2020-04-27
Point (521688.72747176140546799 191783.37722974643111229),11044641,Centre d'hébergement l'Éden de Laval Inc.,CENTRE D'HÉBERGEMENT L'ÉDEN DE LAVAL INC.,13,Laval,"8528, BOULEVARD LÉVESQUE EST",,H7A1W6,65005,Laval,13112,Duvernay,650,Laval,1311,RLS de Laval,2,RUIS Université de Montréal,2,1,8,,N,2010-02-24,-73.571904,45.666192,Non,Non,Oui,Non,Non,Non,Non,Non,Non,Non,Non,Non,Non,2020-04-27
Point (496126.12016761302947998 170388.35990307852625847),11044674,"Centre d'hébergement et de soins de longue durée du Manoir-de-l'Ouest-de-l'Île, S.E.C.","CHSLD DU MANOIR-DE-L'OUEST-DE-L'ÎLE, S.E.C.",6,Montréal,"17725, BOULEVARD DE PIERREFONDS",,H9J3L1,66023,Montréal,6112,Pierrefonds,660,Montréal,611,RLS de Pierrefonds - Lac Saint-Louis,3,RUIS Université McGill,2,0,8,,N,2010-02-24,-73.885616,45.462854,Non,Non,Oui,Non,Non,Non,Non,Non,Non,Non,Non,Non,Non,2020-04-27
Point (518949.32223306596279144 186332.74257390946149826),11044682,Groupe Champlain Inc,GROUPE CHAMPLAIN INC.,6,Montréal,"7150, RUE MARIE-VICTORIN",,H1G2J5,66023,Montréal,6521,Rivière-des-Prairies,660,Montréal,652,RLS de Rivière-des-Prairies - Anjou - Montréal-Est,2,RUIS Université de Montréal,2,1,2,,N,2010-02-24,-73.603743,45.616069,Non,Non,Oui,Non,Non,Non,Non,Non,Non,Non,Non,Non,Non,2020-04-27
Point (520234.89381195604801178 182673.40083624050021172),11044708,Centre d'hébergement Vincenzo-Navarro Inc.,CENTRE D'HÉBERGEMENT VINCENZO-NAVARRO INC.,6,Montréal,"7705, RUE LESPINAY",,H1S3E9,66023,Montréal,6512,Saint-Léonard,660,Montréal,651,RLS de Saint-Léonard - Saint-Michel,2,RUIS Université de Montréal,2,1,8,,N,2010-02-24,-73.585102,45.583728,Non,Non,Oui,Non,Non,Non,Non,Non,Non,Non,Non,Non,Non,2020-04-27
Point (511151.37914828211069107 167199.51641248166561127),11044765,Centre d'hébergement et de soins de longue durée des Floralies-de-Lachine Inc.,CHSLD DES FLORALIES-DE-LACHINE INC.,6,Montréal,"650, 32E AVENUE",,H8T3K4,66023,Montréal,6121,Lachine,660,Montréal,612,RLS de Dorval - Lachine - Lasalle,3,RUIS Université McGill,2,1,8,,N,2010-02-24,-73.691839,45.440847,Non,Non,Oui,Non,Non,Non,Non,Non,Non,Non,Non,Non,Non,2020-04-27
Point (517538.95743747800588608 165042.95717848837375641),11044773,Centre d'hébergement et de soins de longue durée des Floralies-de-Lasalle Inc.,CHSLD DES FLORALIES-DE-LASALLE INC.,6,Montréal,"8200, RUE GEORGES",,H8P3T6,66023,Montréal,6122,Lasalle,660,Montréal,612,RLS de Dorval - Lachine - Lasalle,3,RUIS Université McGill,2,1,8,,N,2010-02-24,-73.609029,45.424192,Non,Non,Oui,Non,Non,Non,Non,Non,Non,Non,Non,Non,Non,2020-04-27
Point (703746.00462159514427185 310806.46074604615569115),11044781,Centre d'hébergement et de soins de longue durée Côte-Jardin Inc.,CHSLD CÔTE-JARDIN INC.,3,Capitale-Nationale,"880, AVENUE PAINCHAUD",,G1S0A3,23027,Québec,3123,Sainte-Foy - Sillery,230,Québec,312,RLS de Québec-Sud,1,RUIS Université Laval,2,1,8,,N,2010-02-24,-71.261128,46.788034,Non,Non,Oui,Non,Non,Non,Non,Non,Non,Non,Non,Non,Non,2020-04-27
Point (497082.00137933343648911 172025.28290362283587456),11044807,Centre d'hébergement et de soins de longue durée du Château-sur-le-Lac-de-Sainte-Geneviève inc.,CHSLD DU CHÂTEAU-SUR-LE-LAC-DE-SAINTE-GENEVIÈVE INC.,6,Montréal,"16289, BOULEVARD GOUIN OUEST",,H9H1E2,66023,Montréal,6112,Pierrefonds,660,Montréal,611,RLS de Pierrefonds - Lac Saint-Louis,3,RUIS Université McGill,2,1,8,,N,2010-02-24,-73.874465,45.477991,Non,Non,Oui,Non,Non,Non,Non,Non,Non,Non,Non,Non,Non,2020-04-27
Point (501652.07509026676416397 172043.01887550950050354),11044815,Vigi Santé Ltée,VIGI SANTÉ LTÉE,6,Montréal,"197, RUE THORNHILL",,H9B3H8,66142,Dollard-Des Ormeaux,6113,Dollard-des-Ormeaux,660,Montréal,611,RLS de Pierrefonds - Lac Saint-Louis,3,RUIS Université McGill,2,1,2,,N,2012-05-15,-73.816119,45.4802,Non,Non,Oui,Non,Non,Non,Non,Non,Non,Non,Non,Non,Non,2020-04-27
Point (521586.14555386453866959 182076.23225770518183708),11044823,Centre d'hébergement et de soins de longue durée Providence - Saint-Joseph inc.,CHSLD PROVIDENCE - SAINT-JOSEPH INC.,6,Montréal,"5605, RUE BEAUBIEN EST",,H1T1X4,66023,Montréal,6531,Rosemont,660,Montréal,653,RLS de Hochelaga - Mercier-Ouest - Rosemont,2,RUIS Université de Montréal,2,1,2,,N,2011-09-19,-73.567457,45.578926,Non,Non,Oui,Non,Non,Non,Non,Non,Non,Non,Non,Non,Non,2020-04-27
Point (483311.08705863356590271 151731.47562238574028015),11044831,Maison des ainées de St-Timothée Inc.,MAISON DES AINÉES DE ST-TIMOTHÉE INC.,16,Montérégie,"1, RUE DES AÎNÉS",,J6S6M8,70052,Salaberry-de-Valleyfield,16321,Valleyfield-Beauharnois,700,Beauharnois-Salaberry,1632,RLS du Suroît,3,RUIS Université McGill,2,1,8,,N,2011-11-09,-74.036705,45.289358,Non,Non,Oui,Non,Non,Non,Non,Non,Non,Non,Non,Non,Non,2020-04-27
Point (705248.81577122956514359 311557.70025176927447319),11044849,CHSLD Domaine Saint-Dominique S.E.C.,CHSLD DOMAINE SAINT-DOMINIQUE S.E.C.,3,Capitale-Nationale,"1045, BOULEVARD RENÉ-LÉVESQUE OUEST",,G1S1V3,23027,Québec,3123,Sainte-Foy - Sillery,230,Québec,312,RLS de Québec-Sud,1,RUIS Université Laval,2,0,4,,N,2012-05-15,-71.2416,46.795013,Non,Non,Oui,Non,Non,Non,Non,Non,Non,Non,Non,Non,Non,2020-04-27
Point (531303.22910879552364349 184256.15053370594978333),11044864,Centre d'hébergement et de soins de longue durée de Saint-Lambert-sur-le-Golf Inc.,CHSLD DE SAINT-LAMBERT-SUR-LE-GOLF INC.,16,Montérégie,"549, RUE DE VERRAZANO",,J4B7W2,58033,Boucherville,16213,Lajemmerais,580,Longueuil,1621,RLS Pierre-Boucher,2,RUIS Université de Montréal,2,6,4,,N,2012-05-15,-73.444363,45.602488,Non,Non,Oui,Non,Non,Non,Non,Non,Non,Non,Non,Non,Non,2020-04-27
Point (630614.55976314842700958 188748.8599107526242733),11044948,Centre d'hébergement et de soins de longue durée Wales Inc.,CHSLD WALES INC.,5,Estrie,"506, ROUTE 243",,J0B2H0,42110,Cleveland,5161,Val Saint-François,420,Le Val-Saint-François,516,RLS de Val Saint-François,4,RUIS Université de Sherbrooke,2,1,4,,N,2012-04-12,-72.173809,45.675424,Non,Non,Oui,Non,Non,Non,Non,Non,Non,Non,Non,Non,Non,2020-04-27
Point (505800.00385028123855591 179274.61130712553858757),11044955,CHSLD Age3 Inc.,CHSLD AGE3 INC.,13,Laval,"4410, BOULEVARD SAINT-MARTIN OUEST",,H7T1C3,65005,Laval,13114,Chomedey,650,Laval,1311,RLS de Laval,2,RUIS Université de Montréal,2,1,2,,N,2012-04-26,-73.767666,45.547001,Non,Non,Oui,Non,Non,Non,Non,Non,Non,Non,Non,Non,Non,2020-04-27
Point (500650.00565491616725922 190900.47755119577050209),11044971,Centre d'hébergement et de soins de longue durée du Boisé Sainte-Thérèse Inc.,CHSLD BOISÉ STE-THÉRÈSE,15,Laurentides,"179, PLACE FABIEN-DRAPEAU",,J7E5W6,73010,Sainte-Thérèse,15171,Thérèse-De Blainville,730,Thérèse-De Blainville,1517,RLS de Thérèse-De Blainville,2,RUIS Université de Montréal,2,1,4,,N,2014-05-05,-73.840924,45.649163,Non,Non,Oui,Non,Non,Non,Non,Non,Non,Non,Non,Non,Non,2020-04-27
Point (517003.02233590930700302 175988.50665146857500076),11044989,Centre de réadaptation en dépendance du Nouveau Départ Inc.,CENTRE DE RÉADAPT. EN DÉPENDANCE DU NOUVEAU DÉPART INC.,6,Montréal,"1110, AVENUE BEAUMONT",,H3P3E5,66072,Mont-Royal,6222,Mont-Royal,660,Montréal,622,RLS de Côte-des-Neiges - Métro - Parc-Extension,3,RUIS Université McGill,2,1,4,,N,2014-04-07,-73.622434,45.522306,Non,Non,Non,Non,Non,Non,Non,Non,Non,Non,Non,Non,Oui,2020-04-27
Point (522551.60080693662166595 162151.50536317750811577),11044997,Centre d'hébergement et de soins de longue durée de Sainte-Catherine S.E.C.,CHSLD DE SAINTE-CATHERINE S.E.C.,16,Montérégie,"3065, BOULEVARD MARIE-VICTORIN",,J5C1Z3,67030,Sainte-Catherine,16342,Saint-Constant - La Prairie,670,Roussillon,1634,RLS de Jardins-Roussillon,3,RUIS Université McGill,2,0,4,,N,,-73.543376,45.400305,Non,Non,Oui,Non,Non,Non,Non,Non,Non,Non,Non,Non,Non,2020-04-27
Point (506016.48748510330915451 181919.83610351011157036),11045010,Centre d'hébergement et de soins de longue durée de Laval S.E.C.,CHSLD DE LAVAL S.E.C.,13,Laval,"2805, BOULEVARD CHOMEDEY",,H7P0C2,65005,Laval,13111,Sainte-Rose-de-Laval,650,Laval,1311,RLS de Laval,2,RUIS Université de Montréal,2,0,4,,N,,-73.766552,45.570861,Non,Non,Oui,Non,Non,Non,Non,Non,Non,Non,Non,Non,Non,2020-04-27
Point (583720.30984332412481308 160445.55857072770595551),11045028,Centre d'hébergement et de soins de longue durée de Granby S.E.C.,CHSLD DE GRANBY S.E.C.,5,Estrie,"80, RUE GODUE",,J2J2Z7,47017,Granby,5121,Granby-Shefford-Bromont,470,La Haute-Yamaska,512,RLS de la Haute-Yamaska,4,RUIS Université de Sherbrooke,2,0,4,,N,,-72.762155,45.40747,Non,Non,Oui,Non,Non,Non,Non,Non,Non,Non,Non,Non,Non,2020-04-27
Point (521952.79114141315221786 178455.23480328172445297),11045044,Centre d'hébergement et de soins de longue durée Angus Inc.,CHSLD ANGUS INC.,6,Montréal,"3200, RUE OMER-LAVALLÉE",,H1Y3P5,66023,Montréal,6531,Rosemont,660,Montréal,653,RLS de Hochelaga - Mercier-Ouest - Rosemont,2,RUIS Université de Montréal,2,1,4,,N,2014-04-07,-73.560624,45.546543,Non,Non,Oui,Non,Non,Non,Non,Non,Non,Non,Non,Non,Non,2020-04-27
Point (707619.85292847454547882 313784.63593637570738792),11045051,CHU de Québec – Université Laval,CHU DE QUÉBEC – UL,3,Capitale-Nationale,"11, CÔTE DU PALAIS",,G1R2J6,23027,Québec,3124,Québec - Haute-Ville,230,Québec,312,RLS de Québec-Sud,1,RUIS Université Laval,1,2,1,1,N,,-71.210994,46.81539,Non,Oui,Oui,Non,Non,Non,Non,Non,Non,Non,Non,Non,Non,2020-04-27
Point (525308.26543741673231125 173292.6495642401278019),11045069,Centre d'hébergement et de soins de longue durée Argyle Inc.,CHSLD ARGYLE INC.,16,Montérégie,"33, AVENUE ARGYLE",,J4P3P5,58012,Saint-Lambert,16111,Brossard - Saint-Lambert,580,Longueuil,1611,RLS de Champlain,2,RUIS Université de Montréal,2,1,4,,N,2014-07-30,-73.514702,45.501541,Non,Non,Oui,Non,Non,Non,Non,Non,Non,Non,Non,Non,Non,2020-04-27
Point (513595.02478379756212234 234972.52332600578665733),11045077,Centre d'hébergement et de soins de longue durée du Groupe-Santé-Arbec Inc.,CHSLD GROUPE-SANTÉ-ARBEC INC.,14,Lanaudière,"3931, RUE LAKESHORE DRIVE",,J0K1S0,62037,Rawdon,14111,Matawinie,620,Matawinie,1411,RLS de Lanaudière-Nord,2,RUIS Université de Montréal,2,1,4,,N,2014-07-30,-73.702226,46.050862,Non,Non,Oui,Non,Non,Non,Non,Non,Non,Non,Non,Non,Non,2020-04-27
Point (544192.01459981501102448 151320.77576558291912079),11045085,Centre d'hébergement et de soins de longue durée de Saint-Jean-sur-Richelieu S.E.C.,CHSLD DE SAINT-JEAN-SUR-RICHELIEU S.E.C.,16,Montérégie,"40, RUE LABRÈCHE",,J3B0J3,56083,Saint-Jean-sur-Richelieu,16122,Saint-Jean-sur-Richelieu - Saint-Luc,560,Le Haut-Richelieu,1612,RLS du Haut-Richelieu - Rouville,4,RUIS Université de Sherbrooke,2,0,4,,N,,-73.261495,45.311579,Non,Non,Oui,Non,Non,Non,Non,Non,Non,Non,Non,Non,Non,2020-04-27
Point (526364.29670356959104538 174136.9084492102265358),11045093,Centre d'hébergement et de soins de longue durée Valeo Inc.,CHSLD VALEO INC.,16,Montérégie,"700, RUE DOCTEUR-CHEVRIER",,J4P0A4,58012,Saint-Lambert,16111,Brossard - Saint-Lambert,580,Longueuil,1611,RLS de Champlain,2,RUIS Université de Montréal,2,0,4,,N,,-73.501699,45.509559,Non,Non,Oui,Non,Non,Non,Non,Non,Non,Non,Non,Non,Non,2020-04-27
Point (907911.71215991675853729 494982.8104315884411335),11045119,Centre intégré de santé et de services sociaux du Bas-Saint-Laurent,CISSS DU BAS-SAINT-LAURENT,1,Bas-Saint-Laurent,"355, BOULEVARD SAINT-GERMAIN OUEST",,G5L3N2,10043,Rimouski,1151,Rimouski-Neigette,100,Rimouski-Neigette,115,RLS de Rimouski,1,RUIS Université Laval,1,2,1,,N,,-68.54048,48.443354,Non,Oui,Oui,Oui,Oui,Oui,Oui,Oui,Oui,Non,Oui,Non,Oui,2020-04-27
Point (723067.68107751756906509 492030.21974534913897514),11045127,Centre intégré universitaire de santé et de services sociaux du Saguenay – Lac-Saint-Jean,CIUSSS DU SAGUENAY – LAC-SAINT-JEAN,2,Saguenay–Lac-Saint-Jean,"930, RUE JACQUES-CARTIER EST",,G7H7K9,94068,Saguenay,2151,Saguenay,941,Saguenay,215,RLS de Chicoutimi,1,RUIS Université Laval,1,2,1,,N,,-71.040042,48.421309,Non,Oui,Oui,Oui,Oui,Oui,Oui,Oui,Oui,Non,Oui,Non,Oui,2020-04-27
Point (707023.57167638838291168 318378.11162568256258965),11045135,Centre intégré universitaire de santé et de services sociaux de la Capitale-Nationale,CIUSSS DE LA CAPITALE-NATIONALE,3,Capitale-Nationale,"2915, AVENUE DU BOURG-ROYAL",,G1C3S2,23027,Québec,3133,Beauport,230,Québec,313,RLS de Québec-Nord,1,RUIS Université Laval,1,2,1,,N,,-71.219762,46.856637,Oui,Oui,Oui,Oui,Oui,Oui,Oui,Oui,Oui,Non,Oui,Oui,Oui,2020-04-27
Point (604757.12786895036697388 263753.18502688035368919),11045143,Centre intégré universitaire de santé et de services sociaux de la Mauricie-et-du-Centre-du-Québec,CIUSSS DE LA MAURICIE-ET-DU-CENTRE-DU-QUÉBEC,4,Mauricie et Centre-du-Québec,"858, TERRASSE TURCOTTE",,G9A5C5,37067,Trois-Rivières,4151,Trois-Rivières,371,Trois-Rivières,415,RLS de Trois-Rivières,2,RUIS Université de Montréal,1,2,1,,N,,-72.5371,46.342797,Non,Oui,Oui,Oui,Oui,Oui,Oui,Oui,Oui,Oui,Oui,Oui,Oui,2020-04-27
Point (650020.97934254258871078 158074.38541702181100845),11045150,Centre intégré universitaire de santé et de services sociaux de l'Estrie – Centre hospitalier universitaire de Sherbrooke,CIUSSS DE L'ESTRIE – CHUS,5,Estrie,"375, RUE ARGYLL",,J1J3H5,43027,Sherbrooke,5151,Sherbrooke,430,Sherbrooke,515,RLS de Sherbrooke,4,RUIS Université de Sherbrooke,1,2,1,,N,,-71.915088,45.404242,Non,Oui,Oui,Oui,Oui,Non,Oui,Oui,Oui,Non,Oui,Oui,Oui,2020-04-27
Point (500106.26921986788511276 168596.5628078430891037),11045168,Centre intégré universitaire de santé et de services sociaux de l'Ouest-de-l'Île-de-Montréal,CIUSSS DE L'OUEST-DE-L'ÎLE-DE-MONTRÉAL,6,Montréal,"160, AVENUE STILLVIEW",,H9R2Y2,66097,Pointe-Claire,6111,Lac Saint-Louis,660,Montréal,611,RLS de Pierrefonds - Lac Saint-Louis,3,RUIS Université McGill,1,2,1,,N,,-73.833668,45.44855,Non,Oui,Oui,Oui,Oui,Oui,Non,Non,Non,Non,Oui,Non,Non,2020-04-27
Point (516377.4306868389248848 173291.62510224804282188),11045176,Centre intégré universitaire de santé et de services sociaux du Centre-Ouest-de-l'Île-de-Montréal,CIUSSS DU CENTRE-OUEST-DE-L'ÎLE-DE-MONTRÉAL,6,Montréal,"3755, CHEMIN DE LA CÔTE-SAINTE-CATHERIN",BUREAU B-119,H3T1E2,66023,Montréal,6224,Côte-des-Neiges,660,Montréal,622,RLS de Côte-des-Neiges - Métro - Parc-Extension,3,RUIS Université McGill,1,2,1,,N,,-73.628806,45.497811,Non,Oui,Oui,Oui,Non,Non,Non,Non,Non,Non,Non,Non,Non,2020-04-27
Point (521614.83795550465583801 176113.06774549931287766),11045184,Centre intégré universitaire de santé et de services sociaux du Centre-Sud-de-l'Île-de-Montréal,CIUSSS DU CENTRE-SUD-DE-L'ÎLE-DE-MONTRÉAL,6,Montréal,"1560, RUE SHERBROOKE EST",,H2L4M1,66023,Montréal,6323,Montréal - Centre-Sud,660,Montréal,632,RLS des Faubourgs - Plateau-Mont-Royal - St-Louis-du-Parc,2,RUIS Université de Montréal,1,2,1,,N,,-73.56356,45.525358,Non,Oui,Oui,Oui,Oui,Oui,Oui,Oui,Non,Oui,Oui,Oui,Oui,2020-04-27
Point (512045.99410481750965118 179039.1099713034927845),11045192,Centre intégré universitaire de santé et de services sociaux du Nord-de-l'Île-de-Montréal,CIUSSS DU NORD-DE-L'ÎLE-DE-MONTRÉAL,6,Montréal,"555, BOULEVARD GOUIN OUEST",,H3L1K5,66023,Montréal,6421,Ahuntsic,660,Montréal,642,RLS d'Ahuntsic - Montréal-Nord,2,RUIS Université de Montréal,1,2,1,,N,,-73.687656,45.547601,Oui,Oui,Oui,Oui,Non,Non,Non,Non,Non,Non,Non,Non,Non,2020-04-27
Point (522177.99917468428611755 181507.85600150749087334),11045200,Centre intégré universitaire de santé et de services sociaux de l'Est-de-l'Île-de-Montréal,CIUSSS DE L'EST-DE-L'ÎLE-DE-MONTRÉAL,6,Montréal,"5415, BOULEVARD DE L'ASSOMPTION",,H1T2M4,66023,Montréal,6531,Rosemont,660,Montréal,653,RLS de Hochelaga - Mercier-Ouest - Rosemont,2,RUIS Université de Montréal,1,2,1,,N,,-73.559548,45.574065,Oui,Oui,Oui,Oui,Non,Non,Non,Non,Non,Non,Non,Non,Non,2020-04-27
Point (352803.91804493218660355 181263.65674683079123497),11045218,Centre intégré de santé et de services sociaux de l'Outaouais,CISSS DE L'OUTAOUAIS,7,Outaouais,"80, AVENUE GATINEAU",,J8T4J3,81017,Gatineau,7143,Gatineau,810,Gatineau,714,RLS de Grande-Rivière - Hull - Gatineau,3,RUIS Université McGill,1,2,1,,N,,-75.72293,45.48019,Non,Oui,Oui,Oui,Oui,Oui,Oui,Oui,Oui,Non,Oui,Non,Oui,2020-04-27
Point (131905.60456928610801697 510873.25074412301182747),11045226,Centre intégré de santé et de services sociaux de l'Abitibi-Témiscamingue,CISSS DE L'ABITIBI-TÉMISCAMINGUE,8,Abitibi-Témiscamingue,"1, 9E RUE",,J9X2A9,86042,Rouyn-Noranda,8131,Rouyn-Noranda,860,Rouyn-Noranda,813,RLS de Rouyn-Noranda,3,RUIS Université McGill,1,2,1,,N,,-79.021004,48.243357,Non,Oui,Oui,Oui,Oui,Oui,Oui,Oui,Oui,Non,Oui,Non,Oui,2020-04-27
Point (926994.13786481320858002 578435.96088649705052376),11045234,Centre intégré de santé et de services sociaux de la Côte-Nord,CISSS DE LA CÔTE-NORD,9,Côte-Nord,"835, BOULEVARD JOLLIET",,G5C1P5,96020,Baie-Comeau,9123,Manicouagan,960,Manicouagan,912,RLS de la Haute-Côte-Nord  - Manicouagan,1,RUIS Université Laval,1,2,1,,N,,-68.256949,49.19044,Non,Oui,Oui,Oui,Oui,Oui,Oui,Oui,Oui,Oui,Oui,Non,Oui,2020-04-27
Point (1203646.85215106606483459 549453.16580003872513771),11045242,Centre intégré de santé et de services sociaux de la Gaspésie,CISSS DE LA GASPÉSIE,11,Gaspésie–Îles-de-la-Madeleine,"215, BOULEVARD DE YORK OUEST",,G4X2W2,3005,Gaspé,11132,Gaspé,30,La Côte-de-Gaspé,1113,RLS de La Côte-de-Gaspé,1,RUIS Université Laval,1,2,1,,N,,-64.496647,48.812943,Non,Oui,Oui,Oui,Oui,Oui,Oui,Oui,Oui,Non,Oui,Non,Oui,2020-04-27
Point (510536.61876697093248367 185313.2597794272005558),11045267,Centre intégré de santé et de services sociaux de Laval,CISSS DE LAVAL,13,Laval,"1755, BOULEVARD RENÉ-LAENNEC",,H7M3L9,65005,Laval,13113,Pont-Viau,650,Laval,1311,RLS de Laval,2,RUIS Université de Montréal,1,2,1,,N,,-73.710821,45.60332,Non,Oui,Oui,Oui,Oui,Oui,Non,Oui,Non,Non,Oui,Non,Oui,2020-04-27
Point (533622.24126704782247543 230407.85110966116189957),11045275,Centre intégré de santé et de services sociaux de Lanaudière,CISSS DE LANAUDIÈRE,14,Lanaudière,"260, RUE LAVALTRIE SUD",,J6E5X7,61025,Joliette,14113,Joliette,610,Joliette,1411,RLS de Lanaudière-Nord,2,RUIS Université de Montréal,1,2,1,,N,,-73.441068,46.018184,Non,Oui,Oui,Oui,Oui,Oui,Oui,Oui,Oui,Non,Oui,Non,Oui,2020-04-27
Point (488919.30436967313289642 204454.94290637224912643),11045283,Centre intégré de santé et de services sociaux des Laurentides,CISSS DES LAURENTIDES,15,Laurentides,"290, RUE DE MONTIGNY",,J7Z5T3,75017,Saint-Jérôme,15161,La Rivière-du-Nord - Mirabel,750,La Rivière-du-Nord,1516,RLS de la Rivière-du-Nord - Mirabel-Nord,2,RUIS Université de Montréal,1,2,1,,N,,-74.000192,45.76557,Non,Oui,Oui,Oui,Oui,Oui,Oui,Oui,Oui,Oui,Oui,Non,Oui,2020-04-27
Point (527495.4091397300362587 172717.476280327886343),11045291,Centre intégré de santé et de services sociaux de la Montérégie-Centre,CISSS DE LA MONTÉRÉGIE-CENTRE,16,Montérégie,"3141, BOULEVARD TASCHEREAU, BUREAU 220",,J4V2H2,58227,Longueuil,16111,Brossard - Saint-Lambert,580,Longueuil,1611,RLS de Champlain,2,RUIS Université de Montréal,1,2,1,,N,,-73.486423,45.497266,Non,Oui,Oui,Oui,Non,Non,Non,Non,Oui,Non,Non,Non,Non,2020-04-27
Point (569247.45814356952905655 186278.0320201963186264),11045309,Centre intégré de santé et de services sociaux de la Montérégie-Est,CISSS DE LA MONTÉRÉGIE-EST,16,Montérégie,"2750, BOULEVARD LAFRAMBOISE",,J2S4Y8,54048,Saint-Hyacinthe,16222,Les Maskoutains,540,Les Maskoutains,1622,RLS de Richelieu-Yamaska,4,RUIS Université de Sherbrooke,1,2,1,,N,,-72.959476,45.634833,Non,Oui,Oui,Oui,Oui,Non,Non,Oui,Non,Non,Oui,Non,Non,2020-04-27
Point (505036.76717688888311386 156899.71363764256238937),11045317,Centre intégré de santé et de services sociaux de la Montérégie-Ouest,CISSS DE LA MONTÉRÉGIE-OUEST,16,Montérégie,"200, BOULEVARD BRISEBOIS",,J6K4W8,67050,Châteauguay,16341,Châteauguay-Mercier,670,Roussillon,1634,RLS de Jardins-Roussillon,3,RUIS Université McGill,1,2,1,,N,,-73.763446,45.345661,Non,Oui,Oui,Oui,Non,Oui,Oui,Oui,Non,Non,Non,Non,Oui,2020-04-27
Point (719738.12513311952352524 274642.8734922967851162),11045333,Centre intégré de santé et de services sociaux de Chaudière-Appalaches,CISSS DE CHAUDIÈRE-APPALACHES,12,Chaudière-Appalaches,"363, ROUTE CAMERON",,G6E3E2,26030,Sainte-Marie,12115,La Nouvelle-Beauce,260,La Nouvelle-Beauce,1211,RLS Alphonse-Desjardins,1,RUIS Université Laval,1,2,1,,N,,-71.045202,46.464801,Non,Oui,Oui,Oui,Oui,Oui,Oui,Oui,Oui,Non,Oui,Non,Oui,2020-04-27
Point (513878.02286814898252487 169278.78476646915078163),11045341,Centre d'hébergement et de soins de longue durée Waldorf S.E.C.,CHSLD WALDORF S.E.C.,6,Montréal,"7400, CHEMIN DE LA CÔTE-SAINT-LUC","2E ETAGE, TOUR 2",H4W3J4,66058,Côte-Saint-Luc,6211,Côte-Saint-Luc,660,Montréal,621,RLS de Côte-Saint-Luc - NDG - Montréal-Ouest,3,RUIS Université McGill,2,0,4,,N,,-73.658302,45.460696,Non,Non,Oui,Non,Non,Non,Non,Non,Non,Non,Non,Non,Non,2020-04-27
Point (513157.12568303197622299 185442.2350502647459507),11045358,Centre d'hébergement et de soins de longue durée de la Villa-de-Val-des-Arbres Inc.,CHSLD DE LA VILLA-DE-VAL-DES-ARBRES INC.,13,Laval,"3245, BOULEVARD SAINT-MARTIN EST",,H7E4T6,65005,Laval,13112,Duvernay,650,Laval,1311,RLS de Laval,2,RUIS Université de Montréal,2,1,8,,N,,-73.677357,45.605608,Non,Non,Oui,Non,Non,Non,Non,Non,Non,Non,Non,Non,Non,2020-04-27
Point (504362.00035446882247925 168416.18367434293031693),11045366,Centre d'hébergement et de soins de longue durée Herron Inc.,CENTRE D'HÉBERGEMENT ET DE SOINS DE LONGUE DURÉE HERRON,6,Montréal,"2400, CHEMIN HERRON",,H9S5W3,66087,Dorval,6121,Lachine,660,Montréal,612,RLS de Dorval - Lachine - Lasalle,3,RUIS Université McGill,2,1,8,,N,,-73.77924,45.448819,Non,Non,Oui,Non,Non,Non,Non,Non,Non,Non,Non,Non,Non,2020-04-27
Point (487886.15335075557231903 205835.44471566006541252),11045382,Centre d'hébergement et de soins de longue durée au Cœur-de-la-Vie inc.,CHSLD AU CŒUR-DE-LA-VIE INC.,15,Laurentides,"325, RUE BARRETTE, 1ER ÉTAGE",,J7Y0J8,75017,Saint-Jérôme,15161,La Rivière-du-Nord - Mirabel,750,La Rivière-du-Nord,1516,RLS de la Rivière-du-Nord - Mirabel-Nord,2,RUIS Université de Montréal,2,1,4,,N,,-74.014377,45.777489,Non,Non,Oui,Non,Non,Non,Non,Non,Non,Non,Non,Non,Non,2020-04-27
Point (509598.28762876987457275 194692.4986870288848877),11045390,Centre d'hébergement et de soins de longue durée Louise-Faubert Inc.,CHSLD LOUISE-FAUBERT INC.,14,Lanaudière,"751, RUE MARCEL-DE LA SABLONNIÈRE",,J6Y0M4,64008,Terrebonne,14121,Les Moulins,640,Les Moulins,1412,RLS de Lanaudière-Sud,2,RUIS Université de Montréal,2,1,4,,N,,-73.728643,45.687183,Non,Non,Oui,Non,Non,Non,Non,Non,Non,Non,Non,Non,Non,2020-04-27
Point (509598.28762876987457275 194692.4986870288848877),11053139,Centre d'hébergement et de soins de longue durée Marguerite-Rocheleau inc.,CHSLD MARGUERITE-ROCHELEAU INC.,14,Lanaudière,"751, RUE MARCEL-DE LA SABLONNIÈRE",,J6Y0M4,64008,Terrebonne,14121,Les Moulins,640,Les Moulins,1412,RLS de Lanaudière-Sud,2,RUIS Université de Montréal,2,2,8,,N,,-73.728643,45.687183,Non,Non,Oui,Non,Non,Non,Non,Non,Non,Non,Non,Non,Non,2020-04-27
Point (509598.28762876987457275 194692.4986870288848877),11053147,Centre d'hébergement et de soins de longue durée Michèle-Bohec inc.,CHSLD MICHÈLE-BOHEC INC.,14,Lanaudière,"751, RUE MARCEL-DE LA SABLONNIÈRE",,J6Y0M4,64008,Terrebonne,14121,Les Moulins,640,Les Moulins,1412,RLS de Lanaudière-Sud,2,RUIS Université de Montréal,2,2,8,,N,,-73.728643,45.687183,Non,Non,Oui,Non,Non,Non,Non,Non,Non,Non,Non,Non,Non,2020-04-27
Point (477477.98761365562677383 218821.7317204438149929),11053436,Centre d'hébergement et de soins de longue durée L.-B.-Desjardins Inc.,CHSLD L.-B.-DESJARDINS INC.,15,Laurentides,"55, AVENUE HOCHAR",,J0R1R6,77043,Saint-Sauveur,15131,Les Pays-d'en-Haut,770,Les Pays-d'en-Haut,1513,RLS des Pays-d'en-Haut,2,RUIS Université de Montréal,2,2,8,,N,,-74.15699,45.88919,Non,Non,Oui,Non,Non,Non,Non,Non,Non,Non,Non,Non,Non,2020-04-27
Point (513157.12568303197622299 185442.2350502647459507),11053444,Centre d'hébergement et de soins de longue durée des Patriotes Inc.,CHSLD DES PATRIOTES INC.,13,Laval,"3245, BOULEVARD SAINT-MARTIN EST",,H7E4T6,65005,Laval,13112,Duvernay,650,Laval,1311,RLS de Laval,2,RUIS Université de Montréal,2,1,4,,N,,-73.677357,45.605608,Non,Non,Oui,Non,Non,Non,Non,Non,Non,Non,Non,Non,Non,2020-04-27
Point (524493.77065019309520721 179775.87786547094583511),11084464,Centre de soins prolongés Grace Dart,CENTRE DE SOINS PROLONGÉS GRACE DART,6,Montréal,"5155, RUE SAINTE-CATHERINE EST",,H1V2A5,66023,Montréal,6533,Hochelaga-Maisonneuve,660,Montréal,653,RLS de Hochelaga - Mercier-Ouest - Rosemont,2,RUIS Université de Montréal,1,6,1,,N,2007-04-04,-73.528904,45.55946,Non,Non,Oui,Non,Non,Non,Non,Non,Non,Non,Non,Non,Non,2020-04-27
Point (508151.99214097112417221 179352.46981792524456978),11097029,Hôpital juif de réadaptation,HÔPITAL JUIF DE RÉADAPTATION,13,Laval,"3205, PLACE ALTON-GOLDBLOOM",,H7V1R2,65005,Laval,13114,Chomedey,650,Laval,1311,RLS de Laval,2,RUIS Université de Montréal,1,6,1,,N,2007-04-03,-73.737641,45.54873,Non,Oui,Non,Non,Non,Non,Non,Non,Non,Non,Non,Non,Non,2020-04-27
Point (515754.42502706497907639 168927.94582507386803627),11168606,Centre de réadaptation Lethbridge-Layton-Mackay,CENTRE DE RÉADAPTATION LETHBRIDGE-LAYTON-MACKAY,6,Montréal,"7005, BOULEVARD DE MAISONNEUVE OUEST",,H4B1T3,66023,Montréal,6212,Notre-Dame-de-Grâce - Montréal-Ouest,660,Montréal,621,RLS de Côte-Saint-Luc - NDG - Montréal-Ouest,3,RUIS Université McGill,1,4,1,6,N,2007-04-04,-73.634135,45.458342,Non,Non,Non,Non,Non,Non,Oui,Oui,Oui,Non,Non,Non,Non,2020-04-27
Point (523524.56126780062913895 178743.48743413016200066),11755501,CHSLD Providence Notre-Dame de Lourdes Inc.,CHSLD PROVIDENCE NOTRE-DAME DE LOURDES INC.,6,Montréal,"1870, BOULEVARD PIE-IX",,H1V2C6,66023,Montréal,6533,Hochelaga-Maisonneuve,660,Montréal,653,RLS de Hochelaga - Mercier-Ouest - Rosemont,2,RUIS Université de Montréal,2,1,2,,N,2010-02-24,-73.540694,45.549784,Non,Non,Oui,Non,Non,Non,Non,Non,Non,Non,Non,Non,Non,2020-04-27
Point (520053.00875639170408249 176641.06638762727379799),12114922,Atelier le fil d'Ariane Inc.,ATELIER LE FIL D'ARIANE INC.,6,Montréal,"4837, RUE BOYER, APP. 100",,H2J3E6,66023,Montréal,6322,Plateau-Mont-Royal,660,Montréal,632,RLS des Faubourgs - Plateau-Mont-Royal - St-Louis-du-Parc,2,RUIS Université de Montréal,2,4,1,,N,2010-02-24,-73.583838,45.529451,Non,Non,Non,Non,Non,Oui,Non,Non,Non,Non,Non,Non,Non,2020-04-27
Point (515103.05373118072748184 183605.72226558998227119),12326849,Résidence Angelica,RÉSIDENCE ANGELICA,6,Montréal,"3435, BOULEVARD GOUIN EST",,H1H1B1,66023,Montréal,6422,Montréal-Nord,660,Montréal,642,RLS d'Ahuntsic - Montréal-Nord,2,RUIS Université de Montréal,2,1,2,,N,2010-02-24,-73.651333,45.589939,Non,Non,Oui,Non,Non,Non,Non,Non,Non,Non,Non,Non,Non,2020-04-27
Point (485258.31091427803039551 133478.1345565989613533),12363412,Centre de santé et de services sociaux du Haut-Saint-Laurent,CSSS DU HAUT-SAINT-LAURENT,16,Montérégie,"28, RUE GALE",,J0S1K0,69037,Ormstown,16331,Haut-Saint-Laurent,690,Le Haut-Saint-Laurent,1633,RLS du Haut-Saint-Laurent,3,RUIS Université McGill,1,4,1,,O,2007-04-10,-73.999867,45.126343,Non,Oui,Oui,Oui,Non,Non,Non,Non,Non,Non,Non,Non,Non,2020-04-27
Point (503788.49935369193553925 168424.9821460172533989),12366043,CHSLD Bayview Inc.,CHSLD BAYVIEW INC.,6,Montréal,"27, CHEMIN LAKESHORE",,H9S4H1,66097,Pointe-Claire,6111,Lac Saint-Louis,660,Montréal,611,RLS de Pierrefonds - Lac Saint-Louis,3,RUIS Université McGill,2,1,2,,N,2010-02-24,-73.786565,45.448645,Non,Non,Oui,Non,Non,Non,Non,Non,Non,Non,Non,Non,Non,2020-04-27
Point (514070.34728508442640305 181148.18375435844063759),12383907,Résidence Berthiaume-Du Tremblay,RÉSIDENCE BERTHIAUME-DU TREMBLAY,6,Montréal,"1635, BOULEVARD GOUIN EST",,H2C1C2,66023,Montréal,6421,Ahuntsic,660,Montréal,642,RLS d'Ahuntsic - Montréal-Nord,2,RUIS Université de Montréal,2,1,2,,N,2010-02-24,-73.663053,45.567418,Non,Non,Oui,Non,Non,Non,Non,Non,Non,Non,Non,Non,Non,2020-04-27
Point (704091.16968630254268646 310804.49085152149200439),12399820,La corporation Notre-Dame de Bon-Secours,LA CORPORATION NOTRE-DAME DE BON-SECOURS,3,Capitale-Nationale,"990, RUE GÉRARD-MORISSET",,G1S1X6,23027,Québec,3124,Québec - Haute-Ville,230,Québec,312,RLS de Québec-Sud,1,RUIS Université Laval,2,4,6,,N,2010-02-24,-71.256606,46.788067,Non,Non,Oui,Non,Non,Non,Non,Non,Non,Non,Non,Non,Non,2020-04-27
Point (704375.30784714221954346 311753.6592831201851368),12409991,Hôpital Jeffery Hale - Saint Brigid's,HÔPITAL JEFFERY HALE - SAINT BRIGID'S,3,Capitale-Nationale,"1250, CHEMIN SAINTE-FOY",,G1S2M6,23027,Québec,3124,Québec - Haute-Ville,230,Québec,312,RLS de Québec-Sud,1,RUIS Université Laval,1,4,1,,N,2007-04-10,-71.253086,46.796649,Non,Oui,Oui,Non,Non,Non,Non,Non,Non,Non,Non,Non,Non,2020-04-27
Point (521260.00684663653373718 182226.23348154127597809),12420774,Hôpital Santa Cabrini,HÔPITAL SANTA CABRINI,6,Montréal,"5655, RUE SAINT-ZOTIQUE EST",,H1T1P7,66023,Montréal,6531,Rosemont,660,Montréal,653,RLS de Hochelaga - Mercier-Ouest - Rosemont,2,RUIS Université de Montréal,1,4,1,,N,2007-04-03,-73.571719,45.580138,Non,Oui,Oui,Non,Non,Non,Non,Non,Non,Non,Non,Non,Non,2020-04-27
Point (520751.57110222429037094 181540.33116664364933968),12431656,Institut de Cardiologie de Montréal,ICM,6,Montréal,"5000, RUE BÉLANGER",,H1T1C8,66023,Montréal,6531,Rosemont,660,Montréal,653,RLS de Hochelaga - Mercier-Ouest - Rosemont,2,RUIS Université de Montréal,1,4,1,2,N,,-73.577817,45.573763,Non,Oui,Non,Non,Non,Non,Non,Non,Non,Non,Non,Non,Non,2020-04-27
Point (515231.82460798323154449 183699.56505413725972176),12452645,Hôpital Marie-Clarac des Soeurs de Charité de Ste-Marie (1995) Inc.,HÔP. MARIE-CLARAC DES SOEURS DE CHARITÉ DE STE-MARIE,6,Montréal,"3530, BOULEVARD GOUIN EST",,H1H1B7,66023,Montréal,6422,Montréal-Nord,660,Montréal,642,RLS d'Ahuntsic - Montréal-Nord,2,RUIS Université de Montréal,2,1,2,,N,2010-02-24,-73.649742,45.590837,Non,Oui,Non,Non,Non,Non,Non,Non,Non,Non,Non,Non,Non,2020-04-27
Point (521894.19896429777145386 170867.83640307560563087),12453676,Clinique communautaire de Pointe St-Charles,CLINIQUE COMMUNAUTAIRE DE POINTE ST-CHARLES,6,Montréal,"500, AVENUE ASH",,H3K2R4,66023,Montréal,6314,Pointe-Saint-Charles,660,Montréal,631,RLS de Verdun - Côte St-Paul - St-Henri - Pointe-St-Charles,3,RUIS Université McGill,2,4,2,,N,2010-02-24,-73.556893,45.478346,Non,Non,Non,Oui,Non,Non,Non,Non,Non,Non,Non,Non,Non,2020-04-27
Point (650028.89933034032583237 158727.26831886917352676),12536637,Centre de réadaptation en déficience intellectuelle et en troubles envahissants du développement de l'Estrie,CRDITED DE L'ESTRIE,5,Estrie,"1621, RUE PROSPECT",,J1J1K4,43027,Sherbrooke,5151,Sherbrooke,430,Sherbrooke,515,RLS de Sherbrooke,4,RUIS Université de Sherbrooke,1,4,1,,N,2007-04-02,-71.915194,45.410114,Non,Non,Non,Non,Non,Oui,Non,Non,Non,Non,Non,Non,Non,2020-04-27
Point (517972.30063174664974213 170701.83886148035526276),12562179,Maison Elizabeth,MAISON ELIZABETH,6,Montréal,"2131, AVENUE DE MARLOWE",,H4A3L4,66023,Montréal,6212,Notre-Dame-de-Grâce - Montréal-Ouest,660,Montréal,621,RLS de Côte-Saint-Luc - NDG - Montréal-Ouest,3,RUIS Université McGill,2,4,1,,N,2010-02-24,-73.606881,45.475216,Non,Non,Non,Non,Non,Non,Non,Non,Non,Non,Non,Oui,Non,2020-04-27
Point (513787.69696328788995743 173252.57458909228444099),12582292,Centre Miriam,CENTRE MIRIAM,6,Montréal,"8160, CHEMIN ROYDEN",,H4P2T2,66072,Mont-Royal,6222,Mont-Royal,660,Montréal,622,RLS de Côte-des-Neiges - Métro - Parc-Extension,3,RUIS Université McGill,1,4,1,,N,2007-04-04,-73.661867,45.496359,Non,Non,Non,Non,Non,Oui,Non,Non,Non,Non,Non,Non,Non,2020-04-27
Point (519479.5824858620762825 173061.1354646123945713),12599213,Centre universitaire de santé McGill,CUSM,6,Montréal,"1650, AVENUE CEDAR",,H3G1A4,66023,Montréal,6225,Métro,660,Montréal,622,RLS de Côte-des-Neiges - Métro - Parc-Extension,3,RUIS Université McGill,1,2,1,1,N,2007-04-04,-73.589036,45.497046,Non,Oui,Oui,Non,Non,Non,Non,Non,Non,Non,Non,Non,Non,2020-04-27
Point (521345.71029094606637955 168871.87270569801330566),12652384,Havre-Jeunesse,HAVRE-JEUNESSE,6,Montréal,"4360, BOULEVARD LASALLE",,H4G2A8,66023,Montréal,6313,Verdun,660,Montréal,631,RLS de Verdun - Côte St-Paul - St-Henri - Pointe-St-Charles,3,RUIS Université McGill,2,4,1,,N,2010-02-24,-73.562719,45.460185,Non,Non,Non,Non,Non,Non,Non,Non,Non,Non,Oui,Non,Non,2020-04-27
Point (513595.02478379756212234 234972.52332600578665733),12653192,Centre d'hébergement et de soins de longue durée Heather Inc.,CHSLD HEATHER INC.,14,Lanaudière,"3931, LAKESHORE DRIVE",,J0K1S0,62037,Rawdon,14111,Matawinie,620,Matawinie,1411,RLS de Lanaudière-Nord,2,RUIS Université de Montréal,2,1,2,,N,2010-02-24,-73.702226,46.050862,Non,Non,Oui,Non,Non,Non,Non,Non,Non,Non,Non,Non,Non,2020-04-27
Point (516377.4306868389248848 173291.62510224804282188),12685608,L'Hôpital général juif Sir Mortimer B. Davis,L'HÔPITAL GÉNÉRAL JUIF SIR MORTIMER B. DAVIS,6,Montréal,"3755, CHEMIN DE LA CÔTE-SAINTE-CATHERIN",,H3T1E2,66023,Montréal,6224,Côte-des-Neiges,660,Montréal,622,RLS de Côte-des-Neiges - Métro - Parc-Extension,3,RUIS Université McGill,1,6,1,4,N,2007-05-07,-73.628806,45.497811,Non,Oui,Oui,Non,Non,Non,Non,Non,Non,Non,Non,Non,Non,2020-04-27
Point (516707.06477242708206177 173870.90232540667057037),12694659,Centre hospitalier universitaire Sainte-Justine,CHU SAINTE-JUSTINE,6,Montréal,"3175, CHEMIN DE LA CÔTE-SAINTE-CATHERIN",,H3T1C5,66023,Montréal,6224,Côte-des-Neiges,660,Montréal,622,RLS de Côte-des-Neiges - Métro - Parc-Extension,3,RUIS Université McGill,1,6,1,1,N,,-73.624943,45.503155,Non,Oui,Oui,Non,Non,Non,Non,Oui,Non,Non,Non,Non,Non,2020-04-27
Point (461896.52340708673000336 193791.63728845119476318),12704573,La résidence de Lachute,LA RÉSIDENCE DE LACHUTE,15,Laurentides,"377, RUE PRINCIPALE",,J8H1Y1,76020,Lachute,15141,Argenteuil,760,Argenteuil,1514,RLS d'Argenteuil,2,RUIS Université de Montréal,1,4,1,,N,2007-04-04,-74.339262,45.656645,Non,Non,Oui,Non,Non,Non,Non,Non,Non,Non,Non,Non,Non,2020-04-27
Point (895544.72900275141000748 1575945.53053144365549088),12730628,Centre de santé Tulattavik de l'Ungava,CENTRE DE SANTÉ TULATTAVIK DE L'UNGAVA,17,Nunavik,KUUJJUAQ,CASE POSTALE 149,J0M1C0,99095,Kuujjuaq,17012,Ungava,992,Administration régionale Kativik,,,3,RUIS Université McGill,1,2,1,,N,2010-05-03,-68.405271,58.107047,Non,Oui,Oui,Oui,Oui,Non,Non,Non,Non,Non,Oui,Non,Non,2020-04-27
Point (516700.20023208111524582 172996.50266679748892784),12745725,Centre hospitalier de St. Mary,CENTRE HOSPITALIER DE ST. MARY,6,Montréal,"3830, AVENUE LACOMBE",,H3T1M5,66023,Montréal,6224,Côte-des-Neiges,660,Montréal,622,RLS de Côte-des-Neiges - Métro - Parc-Extension,3,RUIS Université McGill,1,6,1,4,N,2007-04-04,-73.624505,45.495296,Non,Oui,Oui,Non,Non,Non,Non,Non,Non,Non,Non,Non,Non,2020-04-27
Point (524618.2723485454916954 190520.36182648316025734),12797577,Institut national de psychiatrie légale Philippe-Pinel,INSTITUT NATIONAL DE PSYCHIATRIE LÉGALE PHILIPPE-PINEL,6,Montréal,"10905, BOULEVARD HENRI-BOURASSA EST",,H1C1H1,66023,Montréal,6521,Rivière-des-Prairies,660,Montréal,652,RLS de Rivière-des-Prairies - Anjou - Montréal-Est,2,RUIS Université de Montréal,1,4,1,,N,,-73.533616,45.656057,Oui,Non,Non,Non,Non,Non,Non,Non,Non,Non,Non,Non,Non,2020-04-27
Point (508407.06857389956712723 179334.08674202859401703),12825188,Résidence Riviera Inc.,RÉSIDENCE RIVIERA INC.,13,Laval,"2999, BOULEVARD NOTRE-DAME",,H7V4C4,65005,Laval,13114,Chomedey,650,Laval,1311,RLS de Laval,2,RUIS Université de Montréal,2,3,2,,N,2010-02-24,-73.734368,45.548676,Non,Non,Oui,Non,Non,Non,Non,Non,Non,Non,Non,Non,Non,2020-04-27
Point (521958.36982948333024979 174338.58979907631874084),12892303,L'Hôpital chinois de Montréal (1963),L'HÔPITAL CHINOIS DE MONTRÉAL (1963),6,Montréal,"189, AVENUE VIGER EST",,H2X3Y9,66023,Montréal,6324,Montréal - Centre-Ville,660,Montréal,632,RLS des Faubourgs - Plateau-Mont-Royal - St-Louis-du-Parc,2,RUIS Université de Montréal,1,4,1,,N,2007-05-04,-73.558121,45.509557,Non,Non,Oui,Non,Non,Non,Non,Non,Non,Non,Non,Non,Non,2020-04-27
Point (488528.40639858692884445 209199.13751340284943581),12979662,Pavillon Ste-Marie Inc.,PAVILLON STE-MARIE INC.,15,Laurentides,"45, RUE DU PAVILLON",,J7Y3R6,75017,Saint-Jérôme,15161,La Rivière-du-Nord - Mirabel,750,La Rivière-du-Nord,1516,RLS de la Rivière-du-Nord - Mirabel-Nord,2,RUIS Université de Montréal,2,1,2,,N,2010-02-24,-74.008379,45.808008,Non,Non,Non,Non,Non,Oui,Non,Non,Non,Non,Non,Non,Non,2020-04-27
Point (512486.95132860541343689 175612.2295444943010807),13000732,Les cèdres - Centre d'accueil pour personnes agées,LES CÈDRES - CENTRE D'ACCUEIL POUR PERSONNES AGEES,6,Montréal,"1275, BOULEVARD DE LA CÔTE-VERTU",SUITE 200,H4L4V2,66023,Montréal,6412,Saint-Laurent,660,Montréal,641,RLS du Nord de l'Île - Saint-Laurent,2,RUIS Université de Montréal,2,4,2,,N,2010-02-24,-73.679924,45.517002,Non,Non,Oui,Non,Non,Non,Non,Non,Non,Non,Non,Non,Non,2020-04-27
Point (699081.72285322844982147 307105.72206975147128105),13027073,Centre d'hébergement du Boisé Ltée,CENTRE D'HÉBERGEMENT DU BOISÉ LTÉE,3,Capitale-Nationale,"3690, BOULEVARD NEILSON",,G1W0A9,23027,Québec,3123,Sainte-Foy - Sillery,230,Québec,312,RLS de Québec-Sud,1,RUIS Université Laval,2,1,2,,N,2010-02-23,-71.321397,46.754033,Non,Non,Oui,Non,Non,Non,Non,Non,Non,Non,Non,Non,Non,2020-04-27
Point (513141.64590729773044586 170515.58690808340907097),13146477,La corporation du Centre hospitalier gériatrique Maimonides,LA CORPORATION DU CENTRE HOSP. GÉRIATRIQUE MAIMONIDES,6,Montréal,"5795, AVENUE CALDWELL",,H4W1W3,66058,Côte-Saint-Luc,6211,Côte-Saint-Luc,660,Montréal,621,RLS de Côte-Saint-Luc - NDG - Montréal-Ouest,3,RUIS Université McGill,1,4,1,,N,2007-04-03,-73.668455,45.471493,Non,Non,Oui,Non,Non,Non,Non,Non,Non,Non,Non,Non,Non,2020-04-27
Point (711764.85374047607183456 314133.84409698843955994),13317037,Pavillon Bellevue Inc.,PAVILLON BELLEVUE INC.,12,Chaudière-Appalaches,"99, RUE MONSEIGNEUR-BOURGET",,G6V9V2,25213,Lévis,12113,Desjardins,251,Lévis,1211,RLS Alphonse-Desjardins,1,RUIS Université Laval,2,3,2,,N,2010-02-24,-71.156735,46.819105,Non,Non,Oui,Non,Non,Non,Non,Non,Non,Non,Non,Non,Non,2020-04-27
Point (511622.0897894948720932 178819.89430516958236694),13388905,Centre métropolitain de chirurgie plastique Inc.,CENTRE MÉTROPOLITAIN DE CHIRURGIE PLASTIQUE INC.,6,Montréal,"999, RUE DE SALABERRY",,H3L1L2,66023,Montréal,6421,Ahuntsic,660,Montréal,642,RLS d'Ahuntsic - Montréal-Nord,2,RUIS Université de Montréal,2,3,4,,N,2010-02-24,-73.692942,45.545449,Non,Oui,Non,Non,Non,Non,Non,Non,Non,Non,Non,Non,Non,2020-04-27
Point (514022.13669934123754501 170735.17413623631000519),13469796,Hôpital Mont-Sinai,HÔPITAL MONT-SINAI,6,Montréal,"5690, BOULEVARD CAVENDISH",,H4W1S7,66058,Côte-Saint-Luc,6211,Côte-Saint-Luc,660,Montréal,621,RLS de Côte-Saint-Luc - NDG - Montréal-Ouest,3,RUIS Université McGill,1,6,1,,N,2007-04-03,-73.657345,45.473842,Non,Oui,Oui,Non,Non,Non,Non,Non,Non,Non,Non,Non,Non,2020-04-27
Point (518335.79986745864152908 170301.72657104581594467),13506472,Hôpital Shriners pour enfants (Québec) Inc.,HÔPITAL SHRINERS POUR ENFANTS (QUÉBEC) INC.,6,Montréal,"1003, BOULEVARD DÉCARIE",,H4A0A9,66023,Montréal,6212,Notre-Dame-de-Grâce - Montréal-Ouest,660,Montréal,621,RLS de Côte-Saint-Luc - NDG - Montréal-Ouest,3,RUIS Université McGill,2,3,2,,N,2010-02-24,-73.602,45.471774,Non,Oui,Non,Non,Non,Non,Non,Non,Non,Non,Non,Non,Non,2020-04-27
Point (553235.51864051818847656 202851.09332066029310226),13578448,Accueil du Rivage Inc.,ACCUEIL DU RIVAGE INC.,16,Montérégie,"1008, RUE DU RIVAGE",CASE POSTALE 60,J0L1R0,57075,Saint-Antoine-sur-Richelieu,16221,Saint-Bruno - Beloeil - Saint-Hilaire,570,La Vallée-du-Richelieu,1622,RLS de Richelieu-Yamaska,4,RUIS Université de Sherbrooke,2,1,2,,N,2010-02-24,-73.173356,45.77807,Non,Non,Oui,Non,Non,Non,Non,Non,Non,Non,Non,Non,Non,2020-04-27
Point (700941.04576048254966736 309858.98706334084272385),13623616,Institut universitaire de cardiologie et de pneumologie de Québec – Université Laval,IUCPQ – UL,3,Capitale-Nationale,"2725, CHEMIN SAINTE-FOY",,G1V4G5,23027,Québec,3123,Sainte-Foy - Sillery,230,Québec,312,RLS de Québec-Sud,1,RUIS Université Laval,1,2,1,2,N,,-71.297663,46.77909,Non,Oui,Non,Non,Non,Non,Non,Non,Non,Non,Non,Non,Non,2020-04-27
Point (507849.58724192529916763 178597.68543262034654617),13625587,Manoir St-Patrice Inc.,MANOIR ST-PATRICE INC.,13,Laval,"3615, BOULEVARD PERRON",,H7V1P4,65005,Laval,13114,Chomedey,650,Laval,1311,RLS de Laval,2,RUIS Université de Montréal,2,3,2,,N,2010-02-24,-73.741039,45.541817,Non,Non,Oui,Non,Non,Non,Non,Non,Non,Non,Non,Non,Non,2020-04-27
Point (519571.45720750093460083 166939.40084294229745865),13727060,Institut universitaire en santé mentale Douglas,INSTITUT UNIVERSITAIRE EN SANTÉ MENTALE DOUGLAS,6,Montréal,"6875, BOULEVARD LASALLE",,H4H1R3,66023,Montréal,6313,Verdun,660,Montréal,631,RLS de Verdun - Côte St-Paul - St-Henri - Pointe-St-Charles,3,RUIS Université McGill,1,6,1,2,N,2007-04-03,-73.584223,45.442083,Oui,Non,Non,Non,Non,Non,Non,Non,Non,Non,Non,Non,Non,2020-04-27
Point (515965.14677900075912476 172773.69205342233181),13793781,CHSLD Juif de Montréal,CHSLD JUIF DE MONTRÉAL,6,Montréal,"5725, AVENUE VICTORIA",,H3W3H6,66023,Montréal,6223,Snowdon,660,Montréal,622,RLS de Côte-des-Neiges - Métro - Parc-Extension,3,RUIS Université McGill,1,6,1,,N,2007-04-04,-73.633761,45.492983,Non,Non,Oui,Non,Non,Non,Non,Non,Non,Non,Non,Non,Non,2020-04-27
Point (651548.90738588571548462 156526.80947809293866158),13818596,Centre de santé et de services sociaux - Institut universitaire de gériatrie de Sherbrooke,CSSS- INSTITUT UNIVERSITAIRE DE GÉRIATRIE DE SHERBROOKE,5,Estrie,"1036, RUE BELVÉDÈRE SUD",,J1H4C4,43027,Sherbrooke,5151,Sherbrooke,430,Sherbrooke,515,RLS de Sherbrooke,4,RUIS Université de Sherbrooke,1,2,1,9,O,2007-04-02,-71.8951,45.390667,Non,Oui,Oui,Oui,Non,Non,Non,Non,Non,Non,Non,Non,Non,2020-04-27
Point (520743.57581257820129395 172422.50677331909537315),15103658,Centre d'accueil Le Programme de Portage Inc.,CENTRE D'ACCUEIL LE PROGRAMME DE PORTAGE INC.,6,Montréal,"865, PLACE RICHMOND",,H3J1V8,66023,Montréal,6311,Saint-Henri,660,Montréal,631,RLS de Verdun - Côte St-Paul - St-Henri - Pointe-St-Charles,3,RUIS Université McGill,2,1,6,,N,2010-02-24,-73.572509,45.491836,Non,Non,Non,Non,Non,Non,Non,Non,Non,Non,Non,Non,Oui,2020-04-27
Point (212174.91206479072570801 1122661.40895413979887962),16258899,Conseil cri de la santé et des services sociaux de la Baie James,CCSSS DE LA BAIE JAMES,18,Terres-Cries-de-la-Baie-James,CASE POSTALE 250,,J0M1E0,99814,Chisasibi,18011,Territoire Cri,993,Eeyou Istchee,,,3,RUIS Université McGill,1,2,1,,N,2010-05-03,-78.89588,53.782556,Non,Oui,Oui,Oui,Oui,Non,Non,Non,Non,Non,Oui,Non,Non,2020-04-27
Point (704447.04483089596033096 309177.40226977691054344),16322059,La Maison Michel Sarrazin,LA MAISON MICHEL SARRAZIN,3,Capitale-Nationale,"2101, CHEMIN SAINT-LOUIS",,G1T1P5,23027,Québec,3123,Sainte-Foy - Sillery,230,Québec,312,RLS de Québec-Sud,1,RUIS Université Laval,2,4,6,,N,2010-02-24,-71.251598,46.773479,Non,Oui,Non,Non,Non,Non,Non,Non,Non,Non,Non,Non,Non,2020-04-27
Point (516449.57181913405656815 186173.08949335291981697),16419616,Villa Belle Rive Inc.,VILLA BELLE RIVE INC.,6,Montréal,"5320, BOULEVARD GOUIN EST",,H1G1B4,66023,Montréal,6422,Montréal-Nord,660,Montréal,642,RLS d'Ahuntsic - Montréal-Nord,2,RUIS Université de Montréal,2,1,4,,N,2010-02-24,-73.635652,45.613579,Non,Non,Oui,Non,Non,Non,Non,Non,Non,Non,Non,Non,Non,2020-04-27
Point (1056537.04756419360637665 697673.21585707366466522),16802498,Bande Indienne des Montagnais de Sept-Iles et Maliotenam,BANDE IND. DES MONTAGNAIS DE SEPT-ILES ET MALIOTENAM,9,Côte-Nord,"1089, AVENUE DE QUEN",CASE POSTALE 8000,G4R4L9,97802,Uashat,9141,Sept-Îles,971,Sept-Rivières,914,RLS de Sept-Îles,1,RUIS Université Laval,2,0,4,,N,2010-02-24,-66.404519,50.221758,Non,Non,Non,Non,Non,Oui,Non,Oui,Non,Non,Oui,Non,Non,2020-04-27
Point (696566.20723015815019608 319210.63862885162234306),16802522,Conseil de la Nation Huronne Wendat,CONSEIL DE LA NATION HURONNE WENDAT,3,Capitale-Nationale,"255, PLACE CHEF MICHEL LAVEAU",,G0A4V0,23802,Wendake,3131,Loretteville - Val-Bélair,230,Québec,313,RLS de Québec-Nord,1,RUIS Université Laval,2,0,4,,N,2010-02-24,-71.357118,46.862555,Non,Non,Oui,Non,Non,Non,Non,Non,Non,Non,Non,Non,Non,2020-04-27
Point (635615.67152442038059235 511114.56030011177062988),16802621,Pekuakamiulnuatsh Takuhikan,PEKUAKAMIULNUATSH TAKUHIKAN,2,Saguenay–Lac-Saint-Jean,"1671, RUE OUIATCHOUAN",,G0W2H0,91802,Mashteuiatsh,2111,Domaine-du-Roy,910,Le Domaine-du-Roy,211,RLS du Domaine-du-Roy,1,RUIS Université Laval,2,0,4,,N,2010-02-23,-72.229276,48.576309,Non,Non,Oui,Non,Non,Non,Non,Non,Non,Non,Non,Non,Non,2020-04-27
Point (512218.88476505130529404 164146.40658175572752953),16802704,Conseil des Mohawks de Kahnawake,CONSEIL DES MOHAWKS DE KAHNAWAKE,16,Montérégie,CASE POSTALE 720,,J0L1B0,67802,Kahnawake,16341,Châteauguay-Mercier,670,Roussillon,1634,RLS de Jardins-Roussillon,3,RUIS Université McGill,2,0,6,,N,2010-02-24,-73.676356,45.413877,Non,Oui,Oui,Non,Non,Non,Non,Non,Non,Non,Non,Non,Non,2020-04-27
Point (496041.32689962536096573 165504.84131021425127983),17524224,88980 Canada Inc.,88980 CANADA INC.,6,Montréal,"34, AVENUE WOODLAND",,H9W4V9,66107,Beaconsfield,6111,Lac Saint-Louis,660,Montréal,611,RLS de Pierrefonds - Lac Saint-Louis,3,RUIS Université McGill,2,6,4,,N,2010-02-24,-73.883555,45.418948,Non,Non,Oui,Non,Non,Non,Non,Non,Non,Non,Non,Non,Non,2020-04-27
Point (385376.88329664617776871 1813899.79649215564131737),18456327,Centre de sante inuulitsivik - inuulitsivik healthcenter,CENTRE DE SANTE INUULITSIVIK,17,Nunavik,CHEMIN BAIE D'HUDSON,,J0M1P0,99120,Puvirnituq,,,992,Administration régionale Kativik,,,,,1,2,1,,N,2010-05-03,-77.275795,60.03765,Non,Oui,Oui,Oui,Oui,Non,Non,Non,Non,Non,Oui,Non,Non,2020-04-27
Point (528125.04796652495861053 193400.09426542744040489),18475830,Résidence Rive Soleil Inc.,RÉSIDENCE RIVE SOLEIL INC.,6,Montréal,"15150, RUE NOTRE-DAME EST",,H1A1W6,66023,Montréal,6523,Pointe-aux-Trembles,660,Montréal,652,RLS de Rivière-des-Prairies - Anjou - Montréal-Est,2,RUIS Université de Montréal,2,1,8,,N,2010-02-24,-73.490352,45.683371,Non,Non,Oui,Non,Non,Non,Non,Non,Non,Non,Non,Non,Non,2020-04-27
Point (518507.40422936528921127 170893.73308730497956276),21491527,Chateau Westmount Inc.,CHATEAU WESTMOUNT INC.,6,Montréal,"4860, BOULEVARD DE MAISONNEUVE OUEST",,H3Z3G2,66032,Westmount,6225,Métro,660,Montréal,622,RLS de Côte-des-Neiges - Métro - Parc-Extension,3,RUIS Université McGill,2,1,8,,N,2010-02-24,-73.600162,45.477165,Non,Non,Oui,Non,Non,Non,Non,Non,Non,Non,Non,Non,Non,2020-04-27
Point (723110.4561665803194046 492228.81263525038957596),23182884,Centre d'hébergement St-Francois Inc.,CENTRE D'HÉBERGEMENT ST-FRANCOIS INC.,2,Saguenay–Lac-Saint-Jean,"912, RUE JACQUES-CARTIER EST",,G7H2A9,94068,Saguenay,2151,Saguenay,941,Saguenay,215,RLS de Chicoutimi,1,RUIS Université Laval,2,1,2,,N,2010-02-23,-71.0395,48.423101,Non,Non,Oui,Non,Non,Non,Non,Non,Non,Non,Non,Non,Non,2020-04-27
Point (515913.90668891370296478 194319.75871307030320168),23237407,Placements M.G.O. Inc.,PLACEMENTS M.G.O. INC.,13,Laval,"5855, RUE BOULARD",,H7B1A3,65005,Laval,13112,Duvernay,650,Laval,1311,RLS de Laval,2,RUIS Université de Montréal,2,1,8,,N,2010-02-24,-73.647449,45.686551,Non,Non,Oui,Non,Non,Non,Non,Non,Non,Non,Non,Non,Non,2020-04-27
Point (542199.97562254220247269 168073.90847904235124588),24266926,Manoir Soleil Inc.,MANOIR SOLEIL INC.,16,Montérégie,"125, RUE DAIGNEAULT",,J3L1G7,57005,Chambly,16121,Chambly-Carignan-Marieville,570,La Vallée-du-Richelieu,1612,RLS du Haut-Richelieu - Rouville,4,RUIS Université de Sherbrooke,2,1,4,,N,2010-02-24,-73.29599,45.461357,Non,Non,Oui,Non,Non,Non,Non,Non,Non,Non,Non,Non,Non,2020-04-27
Point (437109.97419819235801697 123068.50113225355744362),24470528,Conseil Mohawk d'Akwesasne,CONSEIL MOHAWK D'AKWESASNE,16,Montérégie,"95, SNYE SCHOOL ROAD",,H0M1A1,69802,Akwesasne,16331,Haut-Saint-Laurent,690,Le Haut-Saint-Laurent,1633,RLS du Haut-Saint-Laurent,3,RUIS Université McGill,2,0,4,,N,2010-02-24,-74.602507,45.008738,Non,Non,Oui,Non,Non,Non,Non,Non,Non,Non,Non,Non,Non,2020-04-27
Point (698802.94947313517332077 312710.23269118741154671),25457094,Hôpital Ste-Monique inc.,HOPITAL STE-MONIQUE INC.,3,Capitale-Nationale,"4805, BOULEVARD WILFRID-HAMEL",,G1P2J7,23027,Québec,3122,Duberger-Les Saules-Lebourgneuf,230,Québec,312,RLS de Québec-Sud,1,RUIS Université Laval,2,1,2,,N,2010-02-24,-71.326309,46.804417,Non,Non,Oui,Non,Non,Non,Non,Non,Non,Non,Non,Non,Non,2020-04-27
Point (709293.10199621319770813 311953.16235281154513359),26370254,Centre d'accueil Saint-Joseph de Lévis Inc.,CENTRE D'ACCUEIL SAINT-JOSEPH DE LÉVIS INC.,12,Chaudière-Appalaches,"5445, RUE SAINT-LOUIS",,G6V4G9,25213,Lévis,12113,Desjardins,251,Lévis,1211,RLS Alphonse-Desjardins,1,RUIS Université Laval,2,1,2,,N,2010-02-24,-71.188693,46.799145,Non,Non,Oui,Non,Non,Non,Non,Non,Non,Non,Non,Non,Non,2020-04-27
Point (526615.34463128447532654 167058.05615568906068802),27368703,Centre d'accueil Marcelle Ferron Inc.,CENTRE D'ACCUEIL MARCELLE FERRON INC.,16,Montérégie,"8600, BOULEVARD MARIE-VICTORIN",,J4X1A1,58007,Brossard,16111,Brossard - Saint-Lambert,580,Longueuil,1611,RLS de Champlain,2,RUIS Université de Montréal,2,1,2,,N,2010-02-24,-73.494387,45.446057,Non,Non,Oui,Non,Non,Non,Non,Non,Non,Non,Non,Non,Non,2020-04-27
Point (694709.88322614133358002 305282.64116872474551201),27451285,Jardins du Haut Saint-Laurent (1992) Inc.,JARDINS DU HAUT SAINT-LAURENT (1992) INC.,3,Capitale-Nationale,"4770, RUE SAINT-FÉLIX",,G3A1B1,23072,Saint-Augustin-de-Desmaures,3121,Laurentien,230,Québec,312,RLS de Québec-Sud,1,RUIS Université Laval,2,1,8,,N,2010-02-24,-71.378202,46.736941,Non,Non,Oui,Non,Non,Non,Non,Non,Non,Non,Non,Non,Non,2020-04-27
Point (703982.33474914729595184 317747.64196133986115456),27508456,Centre d'hébergement St-Jean-Eudes Inc.,CENTRE D'HÉBERGEMENT ST-JEAN-EUDES INC.,3,Capitale-Nationale,"6000, 3E AVENUE OUEST",,G1H7J5,23027,Québec,3132,Charlesbourg,230,Québec,313,RLS de Québec-Nord,1,RUIS Université Laval,2,1,2,,N,2010-02-24,-71.259518,46.850524,Non,Non,Oui,Non,Non,Non,Non,Non,Non,Non,Non,Non,Non,2020-04-27
Point (556675.89067456871271133 230539.55132289975881577),28609360,Résidence Sorel-Tracy Inc.,RÉSIDENCE SOREL-TRACY INC.,16,Montérégie,"4025, RUE FRONTENAC",,J3R4G8,53052,Sorel-Tracy,16231,Bas Richelieu,530,Pierre-De Saurel,1623,RLS Pierre-De Saurel,2,RUIS Université de Montréal,2,1,2,,N,2010-02-24,-73.143676,46.028224,Non,Non,Oui,Non,Non,Non,Non,Non,Non,Non,Non,Non,Non,2020-04-27
Point (483618.64855485409498215 164417.89657853916287422),28639839,2863-9839 Québec Inc.,2863-9839 QUÉBEC INC.,16,Montérégie,"170, RUE BOILEAU",,J7V8A3,71083,Vaudreuil-Dorion,16311,Vaudreuil-Soulanges,710,Vaudreuil-Soulanges,1631,RLS de Vaudreuil-Soulanges,3,RUIS Université McGill,2,1,4,,N,2010-02-24,-74.041262,45.403444,Non,Non,Oui,Non,Non,Non,Non,Non,Non,Non,Non,Non,Non,2020-04-27
Point (705738.75013785809278488 315331.74614936485886574),28694321,Centre hospitalier Saint-François inc.,CENTRE HOSPITALIER SAINT-FRANÇOIS INC.,3,Capitale-Nationale,"1604, 1E AVENUE",,G1L3L6,23027,Québec,3126,Limoilou-Vanier,230,Québec,312,RLS de Québec-Sud,1,RUIS Université Laval,2,1,2,,N,2010-02-24,-71.235974,46.829042,Non,Non,Oui,Non,Non,Non,Non,Non,Non,Non,Non,Non,Non,2020-04-27
Point (701591.43024101108312607 307476.89549915492534637),28876449,Centre d'hébergement et de soins de longue durée de La Maison Legault inc.,CHSLD DE LA MAISON LEGAULT INC.,3,Capitale-Nationale,"3035, CHEMIN SAINT-LOUIS",,G1W1R5,23027,Québec,3123,Sainte-Foy - Sillery,230,Québec,312,RLS de Québec-Sud,1,RUIS Université Laval,2,0,4,,N,2010-02-24,-71.288623,46.757755,Non,Non,Oui,Non,Non,Non,Non,Non,Non,Non,Non,Non,Non,2020-04-27
Point (672139.41740640252828598 213115.36461010202765465),29490414,Foyer Saints-Anges de Ham-Nord Inc.,FOYER SAINTS-ANGES DE HAM-NORD INC.,4,Mauricie et Centre-du-Québec,"493, RUE PRINCIPALE",CASE POSTALE 269,G0P1A0,39010,Ham-Nord,4181,Arthabaska,390,Arthabaska,418,RLS d’Arthabaska-et-de-L’Érable,4,RUIS Université de Sherbrooke,2,1,6,,N,2010-02-23,-71.647771,45.903815,Non,Non,Oui,Non,Non,Non,Non,Non,Non,Non,Non,Non,Non,2020-04-27
Point (527687.99303437024354935 187903.4724506102502346),29530060,Centre d'hébergement et de soins de longue durée Bourget Inc.,CHSLD BOURGET INC.,6,Montréal,"11570, RUE NOTRE-DAME EST",,H1B2X4,66023,Montréal,6523,Pointe-aux-Trembles,660,Montréal,652,RLS de Rivière-des-Prairies - Anjou - Montréal-Est,2,RUIS Université de Montréal,2,1,2,,N,2010-02-24,-73.49276,45.6338,Non,Non,Oui,Non,Non,Non,Non,Non,Non,Non,Non,Non,Non,2020-04-27
Point (511777.62248393148183823 166304.76464291661977768),29530078,Centre d'hébergement et de soins de longue durée Bussey (Québec) Inc.,CHSLD BUSSEY (QUÉBEC) INC.,6,Montréal,"2069, BOULEVARD SAINT-JOSEPH",,H8S4B7,66023,Montréal,6121,Lachine,660,Montréal,612,RLS de Dorval - Lachine - Lasalle,3,RUIS Université McGill,2,1,2,,N,2010-02-24,-73.683301,45.433078,Non,Non,Oui,Non,Non,Non,Non,Non,Non,Non,Non,Non,Non,2020-04-27
Point (521157.19204443693161011 174978.54961000382900238),29732187,Villa Medica Inc.,VILLA MEDICA INC.,6,Montréal,"225, RUE SHERBROOKE EST",,H2X1C9,66023,Montréal,6321,Saint-Louis-du-Parc,660,Montréal,632,RLS des Faubourgs - Plateau-Mont-Royal - St-Louis-du-Parc,2,RUIS Université de Montréal,2,1,2,,N,2010-02-24,-73.568738,45.514974,Non,Oui,Non,Non,Non,Non,Non,Non,Non,Non,Non,Non,Non,2020-04-27